"filename", "language", "C++", "Markdown", "Makefile", "CMake", "Shell Script", "Batch", "YAML", "HTML", "SCSS", "Python", "comment", "blank", "total"
"/Users/jackgezalian/Development/C++ Projects/ray_tracer_challenge/CMakeLists.txt", "CMake", 0, 0, 0, 60, 0, 0, 0, 0, 0, 0, 0, 5, 65
"/Users/jackgezalian/Development/C++ Projects/ray_tracer_challenge/README.md", "Markdown", 0, 1, 0, 0, 0, 0, 0, 0, 0, 0, 0, 1, 2
"/Users/jackgezalian/Development/C++ Projects/ray_tracer_challenge/_deps/googletest-build/Makefile", "Makefile", 0, 0, 102, 0, 0, 0, 0, 0, 0, 0, 51, 48, 201
"/Users/jackgezalian/Development/C++ Projects/ray_tracer_challenge/_deps/googletest-build/googlemock/Makefile", "Makefile", 0, 0, 156, 0, 0, 0, 0, 0, 0, 0, 63, 66, 285
"/Users/jackgezalian/Development/C++ Projects/ray_tracer_challenge/_deps/googletest-build/googletest/Makefile", "Makefile", 0, 0, 156, 0, 0, 0, 0, 0, 0, 0, 63, 66, 285
"/Users/jackgezalian/Development/C++ Projects/ray_tracer_challenge/_deps/googletest-src/.github/ISSUE_TEMPLATE/00-bug_report.yml", "YAML", 0, 0, 0, 0, 0, 0, 53, 0, 0, 0, 0, 1, 54
"/Users/jackgezalian/Development/C++ Projects/ray_tracer_challenge/_deps/googletest-src/.github/ISSUE_TEMPLATE/10-feature_request.yml", "YAML", 0, 0, 0, 0, 0, 0, 33, 0, 0, 0, 0, 1, 34
"/Users/jackgezalian/Development/C++ Projects/ray_tracer_challenge/_deps/googletest-src/.github/ISSUE_TEMPLATE/config.yml", "YAML", 0, 0, 0, 0, 0, 0, 5, 0, 0, 0, 0, 1, 6
"/Users/jackgezalian/Development/C++ Projects/ray_tracer_challenge/_deps/googletest-src/CMakeLists.txt", "CMake", 0, 0, 0, 28, 0, 0, 0, 0, 0, 0, 0, 9, 37
"/Users/jackgezalian/Development/C++ Projects/ray_tracer_challenge/_deps/googletest-src/CONTRIBUTING.md", "Markdown", 0, 107, 0, 0, 0, 0, 0, 0, 0, 0, 0, 35, 142
"/Users/jackgezalian/Development/C++ Projects/ray_tracer_challenge/_deps/googletest-src/README.md", "Markdown", 0, 100, 0, 0, 0, 0, 0, 0, 0, 0, 0, 34, 134
"/Users/jackgezalian/Development/C++ Projects/ray_tracer_challenge/_deps/googletest-src/ci/linux-presubmit.sh", "Shell Script", 0, 0, 0, 0, 113, 0, 0, 0, 0, 0, 35, 10, 158
"/Users/jackgezalian/Development/C++ Projects/ray_tracer_challenge/_deps/googletest-src/ci/macos-presubmit.sh", "Shell Script", 0, 0, 0, 0, 39, 0, 0, 0, 0, 0, 34, 8, 81
"/Users/jackgezalian/Development/C++ Projects/ray_tracer_challenge/_deps/googletest-src/ci/windows-presubmit.bat", "Batch", 0, 0, 0, 0, 0, 54, 0, 0, 0, 0, 9, 13, 76
"/Users/jackgezalian/Development/C++ Projects/ray_tracer_challenge/_deps/googletest-src/docs/_config.yml", "YAML", 0, 0, 0, 0, 0, 0, 1, 0, 0, 0, 0, 1, 2
"/Users/jackgezalian/Development/C++ Projects/ray_tracer_challenge/_deps/googletest-src/docs/_data/navigation.yml", "YAML", 0, 0, 0, 0, 0, 0, 43, 0, 0, 0, 0, 1, 44
"/Users/jackgezalian/Development/C++ Projects/ray_tracer_challenge/_deps/googletest-src/docs/_layouts/default.html", "HTML", 0, 0, 0, 0, 0, 0, 0, 57, 0, 0, 0, 2, 59
"/Users/jackgezalian/Development/C++ Projects/ray_tracer_challenge/_deps/googletest-src/docs/_sass/main.scss", "SCSS", 0, 0, 0, 0, 0, 0, 0, 0, 161, 0, 3, 37, 201
"/Users/jackgezalian/Development/C++ Projects/ray_tracer_challenge/_deps/googletest-src/docs/advanced.md", "Markdown", 0, 1953, 0, 0, 0, 0, 0, 0, 0, 0, 0, 514, 2467
"/Users/jackgezalian/Development/C++ Projects/ray_tracer_challenge/_deps/googletest-src/docs/assets/css/style.scss", "SCSS", 0, 0, 0, 0, 0, 0, 0, 0, 4, 0, 0, 2, 6
"/Users/jackgezalian/Development/C++ Projects/ray_tracer_challenge/_deps/googletest-src/docs/community_created_documentation.md", "Markdown", 0, 5, 0, 0, 0, 0, 0, 0, 0, 0, 0, 3, 8
"/Users/jackgezalian/Development/C++ Projects/ray_tracer_challenge/_deps/googletest-src/docs/faq.md", "Markdown", 0, 508, 0, 0, 0, 0, 0, 0, 0, 0, 0, 151, 659
"/Users/jackgezalian/Development/C++ Projects/ray_tracer_challenge/_deps/googletest-src/docs/gmock_cheat_sheet.md", "Markdown", 0, 181, 0, 0, 0, 0, 0, 0, 0, 0, 0, 61, 242
"/Users/jackgezalian/Development/C++ Projects/ray_tracer_challenge/_deps/googletest-src/docs/gmock_cook_book.md", "Markdown", 0, 3485, 0, 0, 0, 0, 0, 0, 0, 0, 2, 926, 4413
"/Users/jackgezalian/Development/C++ Projects/ray_tracer_challenge/_deps/googletest-src/docs/gmock_faq.md", "Markdown", 0, 301, 0, 0, 0, 0, 0, 0, 0, 0, 0, 90, 391
"/Users/jackgezalian/Development/C++ Projects/ray_tracer_challenge/_deps/googletest-src/docs/gmock_for_dummies.md", "Markdown", 0, 568, 0, 0, 0, 0, 0, 0, 0, 0, 0, 135, 703
"/Users/jackgezalian/Development/C++ Projects/ray_tracer_challenge/_deps/googletest-src/docs/index.md", "Markdown", 0, 19, 0, 0, 0, 0, 0, 0, 0, 0, 0, 4, 23
"/Users/jackgezalian/Development/C++ Projects/ray_tracer_challenge/_deps/googletest-src/docs/pkgconfig.md", "Markdown", 0, 111, 0, 0, 0, 0, 0, 0, 0, 0, 0, 34, 145
"/Users/jackgezalian/Development/C++ Projects/ray_tracer_challenge/_deps/googletest-src/docs/platforms.md", "Markdown", 0, 7, 0, 0, 0, 0, 0, 0, 0, 0, 0, 2, 9
"/Users/jackgezalian/Development/C++ Projects/ray_tracer_challenge/_deps/googletest-src/docs/primer.md", "Markdown", 0, 372, 0, 0, 0, 0, 0, 0, 0, 0, 0, 111, 483
"/Users/jackgezalian/Development/C++ Projects/ray_tracer_challenge/_deps/googletest-src/docs/quickstart-bazel.md", "Markdown", 0, 114, 0, 0, 0, 0, 0, 0, 0, 0, 0, 33, 147
"/Users/jackgezalian/Development/C++ Projects/ray_tracer_challenge/_deps/googletest-src/docs/quickstart-cmake.md", "Markdown", 0, 120, 0, 0, 0, 0, 0, 0, 0, 0, 0, 38, 158
"/Users/jackgezalian/Development/C++ Projects/ray_tracer_challenge/_deps/googletest-src/docs/reference/actions.md", "Markdown", 0, 91, 0, 0, 0, 0, 0, 0, 0, 0, 0, 26, 117
"/Users/jackgezalian/Development/C++ Projects/ray_tracer_challenge/_deps/googletest-src/docs/reference/assertions.md", "Markdown", 0, 454, 0, 0, 0, 0, 0, 0, 0, 0, 0, 187, 641
"/Users/jackgezalian/Development/C++ Projects/ray_tracer_challenge/_deps/googletest-src/docs/reference/matchers.md", "Markdown", 0, 249, 0, 0, 0, 0, 0, 0, 0, 0, 0, 57, 306
"/Users/jackgezalian/Development/C++ Projects/ray_tracer_challenge/_deps/googletest-src/docs/reference/mocking.md", "Markdown", 0, 435, 0, 0, 0, 0, 0, 0, 0, 0, 0, 154, 589
"/Users/jackgezalian/Development/C++ Projects/ray_tracer_challenge/_deps/googletest-src/docs/reference/testing.md", "Markdown", 0, 978, 0, 0, 0, 0, 0, 0, 0, 0, 1, 572, 1551
"/Users/jackgezalian/Development/C++ Projects/ray_tracer_challenge/_deps/googletest-src/docs/samples.md", "Markdown", 0, 20, 0, 0, 0, 0, 0, 0, 0, 0, 0, 3, 23
"/Users/jackgezalian/Development/C++ Projects/ray_tracer_challenge/_deps/googletest-src/googlemock/CMakeLists.txt", "CMake", 0, 0, 0, 175, 0, 0, 0, 0, 0, 0, 0, 36, 211
"/Users/jackgezalian/Development/C++ Projects/ray_tracer_challenge/_deps/googletest-src/googlemock/README.md", "Markdown", 0, 30, 0, 0, 0, 0, 0, 0, 0, 0, 0, 11, 41
"/Users/jackgezalian/Development/C++ Projects/ray_tracer_challenge/_deps/googletest-src/googlemock/docs/README.md", "Markdown", 0, 3, 0, 0, 0, 0, 0, 0, 0, 0, 0, 2, 5
"/Users/jackgezalian/Development/C++ Projects/ray_tracer_challenge/_deps/googletest-src/googlemock/include/gmock/gmock-actions.h", "C++", 1260, 0, 0, 0, 0, 0, 0, 0, 0, 0, 846, 299, 2405
"/Users/jackgezalian/Development/C++ Projects/ray_tracer_challenge/_deps/googletest-src/googlemock/include/gmock/gmock-cardinalities.h", "C++", 52, 0, 0, 0, 0, 0, 0, 0, 0, 0, 75, 33, 160
"/Users/jackgezalian/Development/C++ Projects/ray_tracer_challenge/_deps/googletest-src/googlemock/include/gmock/gmock-function-mocker.h", "C++", 393, 0, 0, 0, 0, 0, 0, 0, 0, 0, 53, 74, 520
"/Users/jackgezalian/Development/C++ Projects/ray_tracer_challenge/_deps/googletest-src/googlemock/include/gmock/gmock-matchers.h", "C++", 3787, 0, 0, 0, 0, 0, 0, 0, 0, 0, 1412, 693, 5892
"/Users/jackgezalian/Development/C++ Projects/ray_tracer_challenge/_deps/googletest-src/googlemock/include/gmock/gmock-more-actions.h", "C++", 468, 0, 0, 0, 0, 0, 0, 0, 0, 0, 161, 31, 660
"/Users/jackgezalian/Development/C++ Projects/ray_tracer_challenge/_deps/googletest-src/googlemock/include/gmock/gmock-more-matchers.h", "C++", 44, 0, 0, 0, 0, 0, 0, 0, 0, 0, 57, 20, 121
"/Users/jackgezalian/Development/C++ Projects/ray_tracer_challenge/_deps/googletest-src/googlemock/include/gmock/gmock-nice-strict.h", "C++", 156, 0, 0, 0, 0, 0, 0, 0, 0, 0, 85, 37, 278
"/Users/jackgezalian/Development/C++ Projects/ray_tracer_challenge/_deps/googletest-src/googlemock/include/gmock/gmock-spec-builders.h", "C++", 1077, 0, 0, 0, 0, 0, 0, 0, 0, 0, 776, 294, 2147
"/Users/jackgezalian/Development/C++ Projects/ray_tracer_challenge/_deps/googletest-src/googlemock/include/gmock/gmock.h", "C++", 21, 0, 0, 0, 0, 0, 0, 0, 0, 0, 65, 12, 98
"/Users/jackgezalian/Development/C++ Projects/ray_tracer_challenge/_deps/googletest-src/googlemock/include/gmock/internal/custom/README.md", "Markdown", 0, 13, 0, 0, 0, 0, 0, 0, 0, 0, 0, 6, 19
"/Users/jackgezalian/Development/C++ Projects/ray_tracer_challenge/_deps/googletest-src/googlemock/include/gmock/internal/custom/gmock-generated-actions.h", "C++", 3, 0, 0, 0, 0, 0, 0, 0, 0, 0, 2, 3, 8
"/Users/jackgezalian/Development/C++ Projects/ray_tracer_challenge/_deps/googletest-src/googlemock/include/gmock/internal/custom/gmock-matchers.h", "C++", 3, 0, 0, 0, 0, 0, 0, 0, 0, 0, 31, 4, 38
"/Users/jackgezalian/Development/C++ Projects/ray_tracer_challenge/_deps/googletest-src/googlemock/include/gmock/internal/custom/gmock-port.h", "C++", 3, 0, 0, 0, 0, 0, 0, 0, 0, 0, 33, 5, 41
"/Users/jackgezalian/Development/C++ Projects/ray_tracer_challenge/_deps/googletest-src/googlemock/include/gmock/internal/gmock-internal-utils.h", "C++", 240, 0, 0, 0, 0, 0, 0, 0, 0, 0, 183, 62, 485
"/Users/jackgezalian/Development/C++ Projects/ray_tracer_challenge/_deps/googletest-src/googlemock/include/gmock/internal/gmock-port.h", "C++", 68, 0, 0, 0, 0, 0, 0, 0, 0, 0, 52, 21, 141
"/Users/jackgezalian/Development/C++ Projects/ray_tracer_challenge/_deps/googletest-src/googlemock/include/gmock/internal/gmock-pp.h", "C++", 165, 0, 0, 0, 0, 0, 0, 0, 0, 0, 89, 26, 280
"/Users/jackgezalian/Development/C++ Projects/ray_tracer_challenge/_deps/googletest-src/googlemock/src/gmock-all.cc", "C++", 6, 0, 0, 0, 0, 0, 0, 0, 0, 0, 37, 4, 47
"/Users/jackgezalian/Development/C++ Projects/ray_tracer_challenge/_deps/googletest-src/googlemock/src/gmock-cardinalities.cc", "C++", 88, 0, 0, 0, 0, 0, 0, 0, 0, 0, 43, 25, 156
"/Users/jackgezalian/Development/C++ Projects/ray_tracer_challenge/_deps/googletest-src/googlemock/src/gmock-internal-utils.cc", "C++", 160, 0, 0, 0, 0, 0, 0, 0, 0, 0, 72, 27, 259
"/Users/jackgezalian/Development/C++ Projects/ray_tracer_challenge/_deps/googletest-src/googlemock/src/gmock-matchers.cc", "C++", 284, 0, 0, 0, 0, 0, 0, 0, 0, 0, 164, 31, 479
"/Users/jackgezalian/Development/C++ Projects/ray_tracer_challenge/_deps/googletest-src/googlemock/src/gmock-spec-builders.cc", "C++", 522, 0, 0, 0, 0, 0, 0, 0, 0, 0, 181, 90, 793
"/Users/jackgezalian/Development/C++ Projects/ray_tracer_challenge/_deps/googletest-src/googlemock/src/gmock.cc", "C++", 99, 0, 0, 0, 0, 0, 0, 0, 0, 0, 90, 37, 226
"/Users/jackgezalian/Development/C++ Projects/ray_tracer_challenge/_deps/googletest-src/googlemock/src/gmock_main.cc", "C++", 27, 0, 0, 0, 0, 0, 0, 0, 0, 0, 40, 7, 74
"/Users/jackgezalian/Development/C++ Projects/ray_tracer_challenge/_deps/googletest-src/googlemock/test/gmock-actions_test.cc", "C++", 1499, 0, 0, 0, 0, 0, 0, 0, 0, 0, 344, 391, 2234
"/Users/jackgezalian/Development/C++ Projects/ray_tracer_challenge/_deps/googletest-src/googlemock/test/gmock-cardinalities_test.cc", "C++", 286, 0, 0, 0, 0, 0, 0, 0, 0, 0, 49, 90, 425
"/Users/jackgezalian/Development/C++ Projects/ray_tracer_challenge/_deps/googletest-src/googlemock/test/gmock-function-mocker_test.cc", "C++", 739, 0, 0, 0, 0, 0, 0, 0, 0, 0, 78, 182, 999
"/Users/jackgezalian/Development/C++ Projects/ray_tracer_challenge/_deps/googletest-src/googlemock/test/gmock-internal-utils_test.cc", "C++", 550, 0, 0, 0, 0, 0, 0, 0, 0, 0, 96, 121, 767
"/Users/jackgezalian/Development/C++ Projects/ray_tracer_challenge/_deps/googletest-src/googlemock/test/gmock-matchers-arithmetic_test.cc", "C++", 1159, 0, 0, 0, 0, 0, 0, 0, 0, 0, 254, 287, 1700
"/Users/jackgezalian/Development/C++ Projects/ray_tracer_challenge/_deps/googletest-src/googlemock/test/gmock-matchers-comparisons_test.cc", "C++", 1844, 0, 0, 0, 0, 0, 0, 0, 0, 0, 261, 392, 2497
"/Users/jackgezalian/Development/C++ Projects/ray_tracer_challenge/_deps/googletest-src/googlemock/test/gmock-matchers-containers_test.cc", "C++", 2586, 0, 0, 0, 0, 0, 0, 0, 0, 0, 292, 569, 3447
"/Users/jackgezalian/Development/C++ Projects/ray_tracer_challenge/_deps/googletest-src/googlemock/test/gmock-matchers-misc_test.cc", "C++", 1419, 0, 0, 0, 0, 0, 0, 0, 0, 0, 175, 289, 1883
"/Users/jackgezalian/Development/C++ Projects/ray_tracer_challenge/_deps/googletest-src/googlemock/test/gmock-matchers_test.h", "C++", 127, 0, 0, 0, 0, 0, 0, 0, 0, 0, 40, 26, 193
"/Users/jackgezalian/Development/C++ Projects/ray_tracer_challenge/_deps/googletest-src/googlemock/test/gmock-more-actions_test.cc", "C++", 1184, 0, 0, 0, 0, 0, 0, 0, 0, 0, 181, 253, 1618
"/Users/jackgezalian/Development/C++ Projects/ray_tracer_challenge/_deps/googletest-src/googlemock/test/gmock-nice-strict_test.cc", "C++", 351, 0, 0, 0, 0, 0, 0, 0, 0, 0, 79, 112, 542
"/Users/jackgezalian/Development/C++ Projects/ray_tracer_challenge/_deps/googletest-src/googlemock/test/gmock-port_test.cc", "C++", 3, 0, 0, 0, 0, 0, 0, 0, 0, 0, 34, 6, 43
"/Users/jackgezalian/Development/C++ Projects/ray_tracer_challenge/_deps/googletest-src/googlemock/test/gmock-pp-string_test.cc", "C++", 147, 0, 0, 0, 0, 0, 0, 0, 0, 0, 36, 23, 206
"/Users/jackgezalian/Development/C++ Projects/ray_tracer_challenge/_deps/googletest-src/googlemock/test/gmock-pp_test.cc", "C++", 73, 0, 0, 0, 0, 0, 0, 0, 0, 0, 3, 8, 84
"/Users/jackgezalian/Development/C++ Projects/ray_tracer_challenge/_deps/googletest-src/googlemock/test/gmock-spec-builders_test.cc", "C++", 1793, 0, 0, 0, 0, 0, 0, 0, 0, 0, 349, 458, 2600
"/Users/jackgezalian/Development/C++ Projects/ray_tracer_challenge/_deps/googletest-src/googlemock/test/gmock_all_test.cc", "C++", 12, 0, 0, 0, 0, 0, 0, 0, 0, 0, 36, 2, 50
"/Users/jackgezalian/Development/C++ Projects/ray_tracer_challenge/_deps/googletest-src/googlemock/test/gmock_ex_test.cc", "C++", 33, 0, 0, 0, 0, 0, 0, 0, 0, 0, 37, 11, 81
"/Users/jackgezalian/Development/C++ Projects/ray_tracer_challenge/_deps/googletest-src/googlemock/test/gmock_leak_test.py", "Python", 0, 0, 0, 0, 0, 0, 0, 0, 0, 63, 36, 15, 114
"/Users/jackgezalian/Development/C++ Projects/ray_tracer_challenge/_deps/googletest-src/googlemock/test/gmock_leak_test_.cc", "C++", 36, 0, 0, 0, 0, 0, 0, 0, 0, 0, 42, 22, 100
"/Users/jackgezalian/Development/C++ Projects/ray_tracer_challenge/_deps/googletest-src/googlemock/test/gmock_link2_test.cc", "C++", 2, 0, 0, 0, 0, 0, 0, 0, 0, 0, 33, 4, 39
"/Users/jackgezalian/Development/C++ Projects/ray_tracer_challenge/_deps/googletest-src/googlemock/test/gmock_link_test.cc", "C++", 2, 0, 0, 0, 0, 0, 0, 0, 0, 0, 33, 4, 39
"/Users/jackgezalian/Development/C++ Projects/ray_tracer_challenge/_deps/googletest-src/googlemock/test/gmock_link_test.h", "C++", 410, 0, 0, 0, 0, 0, 0, 0, 0, 0, 167, 117, 694
"/Users/jackgezalian/Development/C++ Projects/ray_tracer_challenge/_deps/googletest-src/googlemock/test/gmock_output_test.py", "Python", 0, 0, 0, 0, 0, 0, 0, 0, 0, 73, 110, 8, 191
"/Users/jackgezalian/Development/C++ Projects/ray_tracer_challenge/_deps/googletest-src/googlemock/test/gmock_output_test_.cc", "C++", 184, 0, 0, 0, 0, 0, 0, 0, 0, 0, 38, 65, 287
"/Users/jackgezalian/Development/C++ Projects/ray_tracer_challenge/_deps/googletest-src/googlemock/test/gmock_stress_test.cc", "C++", 132, 0, 0, 0, 0, 0, 0, 0, 0, 0, 55, 41, 228
"/Users/jackgezalian/Development/C++ Projects/ray_tracer_challenge/_deps/googletest-src/googlemock/test/gmock_test.cc", "C++", 97, 0, 0, 0, 0, 0, 0, 0, 0, 0, 34, 49, 180
"/Users/jackgezalian/Development/C++ Projects/ray_tracer_challenge/_deps/googletest-src/googlemock/test/gmock_test_utils.py", "Python", 0, 0, 0, 0, 0, 0, 0, 0, 0, 21, 53, 18, 92
"/Users/jackgezalian/Development/C++ Projects/ray_tracer_challenge/_deps/googletest-src/googletest/CMakeLists.txt", "CMake", 0, 0, 0, 274, 0, 0, 0, 0, 0, 0, 0, 57, 331
"/Users/jackgezalian/Development/C++ Projects/ray_tracer_challenge/_deps/googletest-src/googletest/README.md", "Markdown", 0, 173, 0, 0, 0, 0, 0, 0, 0, 0, 0, 59, 232
"/Users/jackgezalian/Development/C++ Projects/ray_tracer_challenge/_deps/googletest-src/googletest/docs/README.md", "Markdown", 0, 3, 0, 0, 0, 0, 0, 0, 0, 0, 0, 2, 5
"/Users/jackgezalian/Development/C++ Projects/ray_tracer_challenge/_deps/googletest-src/googletest/include/gtest/gtest-assertion-result.h", "C++", 65, 0, 0, 0, 0, 0, 0, 0, 0, 0, 151, 29, 245
"/Users/jackgezalian/Development/C++ Projects/ray_tracer_challenge/_deps/googletest-src/googletest/include/gtest/gtest-death-test.h", "C++", 69, 0, 0, 0, 0, 0, 0, 0, 0, 0, 244, 33, 346
"/Users/jackgezalian/Development/C++ Projects/ray_tracer_challenge/_deps/googletest-src/googletest/include/gtest/gtest-matchers.h", "C++", 552, 0, 0, 0, 0, 0, 0, 0, 0, 0, 244, 128, 924
"/Users/jackgezalian/Development/C++ Projects/ray_tracer_challenge/_deps/googletest-src/googletest/include/gtest/gtest-message.h", "C++", 87, 0, 0, 0, 0, 0, 0, 0, 0, 0, 134, 31, 252
"/Users/jackgezalian/Development/C++ Projects/ray_tracer_challenge/_deps/googletest-src/googletest/include/gtest/gtest-param-test.h", "C++", 171, 0, 0, 0, 0, 0, 0, 0, 0, 0, 388, 44, 603
"/Users/jackgezalian/Development/C++ Projects/ray_tracer_challenge/_deps/googletest-src/googletest/include/gtest/gtest-printers.h", "C++", 786, 0, 0, 0, 0, 0, 0, 0, 0, 0, 323, 128, 1237
"/Users/jackgezalian/Development/C++ Projects/ray_tracer_challenge/_deps/googletest-src/googletest/include/gtest/gtest-spi.h", "C++", 110, 0, 0, 0, 0, 0, 0, 0, 0, 0, 114, 27, 251
"/Users/jackgezalian/Development/C++ Projects/ray_tracer_challenge/_deps/googletest-src/googletest/include/gtest/gtest-test-part.h", "C++", 81, 0, 0, 0, 0, 0, 0, 0, 0, 0, 73, 39, 193
"/Users/jackgezalian/Development/C++ Projects/ray_tracer_challenge/_deps/googletest-src/googletest/include/gtest/gtest-typed-test.h", "C++", 149, 0, 0, 0, 0, 0, 0, 0, 0, 0, 139, 44, 332
"/Users/jackgezalian/Development/C++ Projects/ray_tracer_challenge/_deps/googletest-src/googletest/include/gtest/gtest.h", "C++", 925, 0, 0, 0, 0, 0, 0, 0, 0, 0, 1052, 362, 2339
"/Users/jackgezalian/Development/C++ Projects/ray_tracer_challenge/_deps/googletest-src/googletest/include/gtest/gtest_pred_impl.h", "C++", 147, 0, 0, 0, 0, 0, 0, 0, 0, 0, 98, 35, 280
"/Users/jackgezalian/Development/C++ Projects/ray_tracer_challenge/_deps/googletest-src/googletest/include/gtest/gtest_prod.h", "C++", 5, 0, 0, 0, 0, 0, 0, 0, 0, 0, 50, 6, 61
"/Users/jackgezalian/Development/C++ Projects/ray_tracer_challenge/_deps/googletest-src/googletest/include/gtest/internal/custom/README.md", "Markdown", 0, 28, 0, 0, 0, 0, 0, 0, 0, 0, 0, 17, 45
"/Users/jackgezalian/Development/C++ Projects/ray_tracer_challenge/_deps/googletest-src/googletest/include/gtest/internal/custom/gtest-port.h", "C++", 3, 0, 0, 0, 0, 0, 0, 0, 0, 0, 32, 3, 38
"/Users/jackgezalian/Development/C++ Projects/ray_tracer_challenge/_deps/googletest-src/googletest/include/gtest/internal/custom/gtest-printers.h", "C++", 3, 0, 0, 0, 0, 0, 0, 0, 0, 0, 37, 3, 43
"/Users/jackgezalian/Development/C++ Projects/ray_tracer_challenge/_deps/googletest-src/googletest/include/gtest/internal/custom/gtest.h", "C++", 3, 0, 0, 0, 0, 0, 0, 0, 0, 0, 32, 3, 38
"/Users/jackgezalian/Development/C++ Projects/ray_tracer_challenge/_deps/googletest-src/googletest/include/gtest/internal/gtest-death-test-internal.h", "C++", 159, 0, 0, 0, 0, 0, 0, 0, 0, 0, 102, 46, 307
"/Users/jackgezalian/Development/C++ Projects/ray_tracer_challenge/_deps/googletest-src/googletest/include/gtest/internal/gtest-filepath.h", "C++", 62, 0, 0, 0, 0, 0, 0, 0, 0, 0, 132, 40, 234
"/Users/jackgezalian/Development/C++ Projects/ray_tracer_challenge/_deps/googletest-src/googletest/include/gtest/internal/gtest-internal.h", "C++", 875, 0, 0, 0, 0, 0, 0, 0, 0, 0, 424, 219, 1518
"/Users/jackgezalian/Development/C++ Projects/ray_tracer_challenge/_deps/googletest-src/googletest/include/gtest/internal/gtest-param-util.h", "C++", 701, 0, 0, 0, 0, 0, 0, 0, 0, 0, 222, 142, 1065
"/Users/jackgezalian/Development/C++ Projects/ray_tracer_challenge/_deps/googletest-src/googletest/include/gtest/internal/gtest-port-arch.h", "C++", 85, 0, 0, 0, 0, 0, 0, 0, 0, 0, 35, 5, 125
"/Users/jackgezalian/Development/C++ Projects/ray_tracer_challenge/_deps/googletest-src/googletest/include/gtest/internal/gtest-port.h", "C++", 1333, 0, 0, 0, 0, 0, 0, 0, 0, 0, 826, 328, 2487
"/Users/jackgezalian/Development/C++ Projects/ray_tracer_challenge/_deps/googletest-src/googletest/include/gtest/internal/gtest-string.h", "C++", 39, 0, 0, 0, 0, 0, 0, 0, 0, 0, 111, 29, 179
"/Users/jackgezalian/Development/C++ Projects/ray_tracer_challenge/_deps/googletest-src/googletest/include/gtest/internal/gtest-type-util.h", "C++", 120, 0, 0, 0, 0, 0, 0, 0, 0, 0, 72, 29, 221
"/Users/jackgezalian/Development/C++ Projects/ray_tracer_challenge/_deps/googletest-src/googletest/samples/prime_tables.h", "C++", 58, 0, 0, 0, 0, 0, 0, 0, 0, 0, 46, 22, 126
"/Users/jackgezalian/Development/C++ Projects/ray_tracer_challenge/_deps/googletest-src/googletest/samples/sample1.cc", "C++", 17, 0, 0, 0, 0, 0, 0, 0, 0, 0, 39, 11, 67
"/Users/jackgezalian/Development/C++ Projects/ray_tracer_challenge/_deps/googletest-src/googletest/samples/sample1.h", "C++", 5, 0, 0, 0, 0, 0, 0, 0, 0, 0, 31, 6, 42
"/Users/jackgezalian/Development/C++ Projects/ray_tracer_challenge/_deps/googletest-src/googletest/samples/sample10_unittest.cc", "C++", 60, 0, 0, 0, 0, 0, 0, 0, 0, 0, 59, 20, 139
"/Users/jackgezalian/Development/C++ Projects/ray_tracer_challenge/_deps/googletest-src/googletest/samples/sample1_unittest.cc", "C++", 34, 0, 0, 0, 0, 0, 0, 0, 0, 0, 96, 19, 149
"/Users/jackgezalian/Development/C++ Projects/ray_tracer_challenge/_deps/googletest-src/googletest/samples/sample2.cc", "C++", 14, 0, 0, 0, 0, 0, 0, 0, 0, 0, 33, 8, 55
"/Users/jackgezalian/Development/C++ Projects/ray_tracer_challenge/_deps/googletest-src/googletest/samples/sample2.h", "C++", 22, 0, 0, 0, 0, 0, 0, 0, 0, 0, 43, 15, 80
"/Users/jackgezalian/Development/C++ Projects/ray_tracer_challenge/_deps/googletest-src/googletest/samples/sample2_unittest.cc", "C++", 29, 0, 0, 0, 0, 0, 0, 0, 0, 0, 64, 15, 108
"/Users/jackgezalian/Development/C++ Projects/ray_tracer_challenge/_deps/googletest-src/googletest/samples/sample3-inl.h", "C++", 86, 0, 0, 0, 0, 0, 0, 0, 0, 0, 57, 29, 172
"/Users/jackgezalian/Development/C++ Projects/ray_tracer_challenge/_deps/googletest-src/googletest/samples/sample3_unittest.cc", "C++", 47, 0, 0, 0, 0, 0, 0, 0, 0, 0, 83, 17, 147
"/Users/jackgezalian/Development/C++ Projects/ray_tracer_challenge/_deps/googletest-src/googletest/samples/sample4.cc", "C++", 11, 0, 0, 0, 0, 0, 0, 0, 0, 0, 33, 7, 51
"/Users/jackgezalian/Development/C++ Projects/ray_tracer_challenge/_deps/googletest-src/googletest/samples/sample4.h", "C++", 12, 0, 0, 0, 0, 0, 0, 0, 0, 0, 34, 8, 54
"/Users/jackgezalian/Development/C++ Projects/ray_tracer_challenge/_deps/googletest-src/googletest/samples/sample4_unittest.cc", "C++", 12, 0, 0, 0, 0, 0, 0, 0, 0, 0, 32, 10, 54
"/Users/jackgezalian/Development/C++ Projects/ray_tracer_challenge/_deps/googletest-src/googletest/samples/sample5_unittest.cc", "C++", 68, 0, 0, 0, 0, 0, 0, 0, 0, 0, 98, 24, 190
"/Users/jackgezalian/Development/C++ Projects/ray_tracer_challenge/_deps/googletest-src/googletest/samples/sample6_unittest.cc", "C++", 84, 0, 0, 0, 0, 0, 0, 0, 0, 0, 99, 32, 215
"/Users/jackgezalian/Development/C++ Projects/ray_tracer_challenge/_deps/googletest-src/googletest/samples/sample7_unittest.cc", "C++", 50, 0, 0, 0, 0, 0, 0, 0, 0, 0, 50, 14, 114
"/Users/jackgezalian/Development/C++ Projects/ray_tracer_challenge/_deps/googletest-src/googletest/samples/sample8_unittest.cc", "C++", 78, 0, 0, 0, 0, 0, 0, 0, 0, 0, 60, 17, 155
"/Users/jackgezalian/Development/C++ Projects/ray_tracer_challenge/_deps/googletest-src/googletest/samples/sample9_unittest.cc", "C++", 76, 0, 0, 0, 0, 0, 0, 0, 0, 0, 52, 21, 149
"/Users/jackgezalian/Development/C++ Projects/ray_tracer_challenge/_deps/googletest-src/googletest/src/gtest-all.cc", "C++", 10, 0, 0, 0, 0, 0, 0, 0, 0, 0, 36, 4, 50
"/Users/jackgezalian/Development/C++ Projects/ray_tracer_challenge/_deps/googletest-src/googletest/src/gtest-assertion-result.cc", "C++", 26, 0, 0, 0, 0, 0, 0, 0, 0, 0, 39, 13, 78
"/Users/jackgezalian/Development/C++ Projects/ray_tracer_challenge/_deps/googletest-src/googletest/src/gtest-death-test.cc", "C++", 1003, 0, 0, 0, 0, 0, 0, 0, 0, 0, 374, 211, 1588
"/Users/jackgezalian/Development/C++ Projects/ray_tracer_challenge/_deps/googletest-src/googletest/src/gtest-filepath.cc", "C++", 264, 0, 0, 0, 0, 0, 0, 0, 0, 0, 110, 41, 415
"/Users/jackgezalian/Development/C++ Projects/ray_tracer_challenge/_deps/googletest-src/googletest/src/gtest-internal-inl.h", "C++", 600, 0, 0, 0, 0, 0, 0, 0, 0, 0, 420, 215, 1235
"/Users/jackgezalian/Development/C++ Projects/ray_tracer_challenge/_deps/googletest-src/googletest/src/gtest-matchers.cc", "C++", 30, 0, 0, 0, 0, 0, 0, 0, 0, 0, 52, 17, 99
"/Users/jackgezalian/Development/C++ Projects/ray_tracer_challenge/_deps/googletest-src/googletest/src/gtest-port.cc", "C++", 963, 0, 0, 0, 0, 0, 0, 0, 0, 0, 279, 193, 1435
"/Users/jackgezalian/Development/C++ Projects/ray_tracer_challenge/_deps/googletest-src/googletest/src/gtest-printers.cc", "C++", 345, 0, 0, 0, 0, 0, 0, 0, 0, 0, 136, 75, 556
"/Users/jackgezalian/Development/C++ Projects/ray_tracer_challenge/_deps/googletest-src/googletest/src/gtest-test-part.cc", "C++", 53, 0, 0, 0, 0, 0, 0, 0, 0, 0, 36, 18, 107
"/Users/jackgezalian/Development/C++ Projects/ray_tracer_challenge/_deps/googletest-src/googletest/src/gtest-typed-test.cc", "C++", 59, 0, 0, 0, 0, 0, 0, 0, 0, 0, 33, 17, 109
"/Users/jackgezalian/Development/C++ Projects/ray_tracer_challenge/_deps/googletest-src/googletest/src/gtest.cc", "C++", 4800, 0, 0, 0, 0, 0, 0, 0, 0, 0, 1358, 926, 7084
"/Users/jackgezalian/Development/C++ Projects/ray_tracer_challenge/_deps/googletest-src/googletest/src/gtest_main.cc", "C++", 25, 0, 0, 0, 0, 0, 0, 0, 0, 0, 31, 11, 67
"/Users/jackgezalian/Development/C++ Projects/ray_tracer_challenge/_deps/googletest-src/googletest/test/googletest-break-on-failure-unittest.py", "Python", 0, 0, 0, 0, 0, 0, 0, 0, 0, 76, 76, 44, 196
"/Users/jackgezalian/Development/C++ Projects/ray_tracer_challenge/_deps/googletest-src/googletest/test/googletest-break-on-failure-unittest_.cc", "C++", 24, 0, 0, 0, 0, 0, 0, 0, 0, 0, 47, 13, 84
"/Users/jackgezalian/Development/C++ Projects/ray_tracer_challenge/_deps/googletest-src/googletest/test/googletest-catch-exceptions-test.py", "Python", 0, 0, 0, 0, 0, 0, 0, 0, 0, 226, 57, 33, 316
"/Users/jackgezalian/Development/C++ Projects/ray_tracer_challenge/_deps/googletest-src/googletest/test/googletest-catch-exceptions-test_.cc", "C++", 198, 0, 0, 0, 0, 0, 0, 0, 0, 0, 37, 55, 290
"/Users/jackgezalian/Development/C++ Projects/ray_tracer_challenge/_deps/googletest-src/googletest/test/googletest-color-test.py", "Python", 0, 0, 0, 0, 0, 0, 0, 0, 0, 66, 38, 27, 131
"/Users/jackgezalian/Development/C++ Projects/ray_tracer_challenge/_deps/googletest-src/googletest/test/googletest-color-test_.cc", "C++", 15, 0, 0, 0, 0, 0, 0, 0, 0, 0, 38, 8, 61
"/Users/jackgezalian/Development/C++ Projects/ray_tracer_challenge/_deps/googletest-src/googletest/test/googletest-death-test-test.cc", "C++", 1024, 0, 0, 0, 0, 0, 0, 0, 0, 0, 242, 247, 1513
"/Users/jackgezalian/Development/C++ Projects/ray_tracer_challenge/_deps/googletest-src/googletest/test/googletest-death-test_ex_test.cc", "C++", 41, 0, 0, 0, 0, 0, 0, 0, 0, 0, 37, 14, 92
"/Users/jackgezalian/Development/C++ Projects/ray_tracer_challenge/_deps/googletest-src/googletest/test/googletest-env-var-test.py", "Python", 0, 0, 0, 0, 0, 0, 0, 0, 0, 55, 37, 29, 121
"/Users/jackgezalian/Development/C++ Projects/ray_tracer_challenge/_deps/googletest-src/googletest/test/googletest-env-var-test_.cc", "C++", 73, 0, 0, 0, 0, 0, 0, 0, 0, 0, 33, 25, 131
"/Users/jackgezalian/Development/C++ Projects/ray_tracer_challenge/_deps/googletest-src/googletest/test/googletest-fail-if-no-test-linked-test-with-disabled-test_.cc", "C++", 2, 0, 0, 0, 0, 0, 0, 0, 0, 0, 33, 4, 39
"/Users/jackgezalian/Development/C++ Projects/ray_tracer_challenge/_deps/googletest-src/googletest/test/googletest-fail-if-no-test-linked-test-with-enabled-test_.cc", "C++", 2, 0, 0, 0, 0, 0, 0, 0, 0, 0, 33, 4, 39
"/Users/jackgezalian/Development/C++ Projects/ray_tracer_challenge/_deps/googletest-src/googletest/test/googletest-fail-if-no-test-linked-test.py", "Python", 0, 0, 0, 0, 0, 0, 0, 0, 0, 95, 51, 24, 170
"/Users/jackgezalian/Development/C++ Projects/ray_tracer_challenge/_deps/googletest-src/googletest/test/googletest-failfast-unittest.py", "Python", 0, 0, 0, 0, 0, 0, 0, 0, 0, 334, 71, 57, 462
"/Users/jackgezalian/Development/C++ Projects/ray_tracer_challenge/_deps/googletest-src/googletest/test/googletest-failfast-unittest_.cc", "C++", 73, 0, 0, 0, 0, 0, 0, 0, 0, 0, 42, 52, 167
"/Users/jackgezalian/Development/C++ Projects/ray_tracer_challenge/_deps/googletest-src/googletest/test/googletest-filepath-test.cc", "C++", 485, 0, 0, 0, 0, 0, 0, 0, 0, 0, 83, 104, 672
"/Users/jackgezalian/Development/C++ Projects/ray_tracer_challenge/_deps/googletest-src/googletest/test/googletest-filter-unittest.py", "Python", 0, 0, 0, 0, 0, 0, 0, 0, 0, 467, 160, 139, 766
"/Users/jackgezalian/Development/C++ Projects/ray_tracer_challenge/_deps/googletest-src/googletest/test/googletest-filter-unittest_.cc", "C++", 29, 0, 0, 0, 0, 0, 0, 0, 0, 0, 44, 34, 107
"/Users/jackgezalian/Development/C++ Projects/ray_tracer_challenge/_deps/googletest-src/googletest/test/googletest-global-environment-unittest.py", "Python", 0, 0, 0, 0, 0, 0, 0, 0, 0, 71, 50, 21, 142
"/Users/jackgezalian/Development/C++ Projects/ray_tracer_challenge/_deps/googletest-src/googletest/test/googletest-global-environment-unittest_.cc", "C++", 14, 0, 0, 0, 0, 0, 0, 0, 0, 0, 35, 10, 59
"/Users/jackgezalian/Development/C++ Projects/ray_tracer_challenge/_deps/googletest-src/googletest/test/googletest-json-outfiles-test.py", "Python", 0, 0, 0, 0, 0, 0, 0, 0, 0, 129, 34, 18, 181
"/Users/jackgezalian/Development/C++ Projects/ray_tracer_challenge/_deps/googletest-src/googletest/test/googletest-json-output-unittest.py", "Python", 0, 0, 0, 0, 0, 0, 0, 0, 0, 788, 91, 36, 915
"/Users/jackgezalian/Development/C++ Projects/ray_tracer_challenge/_deps/googletest-src/googletest/test/googletest-list-tests-unittest.py", "Python", 0, 0, 0, 0, 0, 0, 0, 0, 0, 110, 107, 9, 226
"/Users/jackgezalian/Development/C++ Projects/ray_tracer_challenge/_deps/googletest-src/googletest/test/googletest-list-tests-unittest_.cc", "C++", 60, 0, 0, 0, 0, 0, 0, 0, 0, 0, 43, 41, 144
"/Users/jackgezalian/Development/C++ Projects/ray_tracer_challenge/_deps/googletest-src/googletest/test/googletest-listener-test.cc", "C++", 405, 0, 0, 0, 0, 0, 0, 0, 0, 0, 43, 62, 510
"/Users/jackgezalian/Development/C++ Projects/ray_tracer_challenge/_deps/googletest-src/googletest/test/googletest-message-test.cc", "C++", 104, 0, 0, 0, 0, 0, 0, 0, 0, 0, 52, 29, 185
"/Users/jackgezalian/Development/C++ Projects/ray_tracer_challenge/_deps/googletest-src/googletest/test/googletest-options-test.cc", "C++", 156, 0, 0, 0, 0, 0, 0, 0, 0, 0, 41, 29, 226
"/Users/jackgezalian/Development/C++ Projects/ray_tracer_challenge/_deps/googletest-src/googletest/test/googletest-output-test.py", "Python", 0, 0, 0, 0, 0, 0, 0, 0, 0, 234, 139, 13, 386
"/Users/jackgezalian/Development/C++ Projects/ray_tracer_challenge/_deps/googletest-src/googletest/test/googletest-output-test_.cc", "C++", 625, 0, 0, 0, 0, 0, 0, 0, 0, 0, 223, 211, 1059
"/Users/jackgezalian/Development/C++ Projects/ray_tracer_challenge/_deps/googletest-src/googletest/test/googletest-param-test-invalid-name1-test.py", "Python", 0, 0, 0, 0, 0, 0, 0, 0, 0, 16, 32, 16, 64
"/Users/jackgezalian/Development/C++ Projects/ray_tracer_challenge/_deps/googletest-src/googletest/test/googletest-param-test-invalid-name1-test_.cc", "C++", 12, 0, 0, 0, 0, 0, 0, 0, 0, 0, 28, 7, 47
"/Users/jackgezalian/Development/C++ Projects/ray_tracer_challenge/_deps/googletest-src/googletest/test/googletest-param-test-invalid-name2-test.py", "Python", 0, 0, 0, 0, 0, 0, 0, 0, 0, 16, 32, 16, 64
"/Users/jackgezalian/Development/C++ Projects/ray_tracer_challenge/_deps/googletest-src/googletest/test/googletest-param-test-invalid-name2-test_.cc", "C++", 17, 0, 0, 0, 0, 0, 0, 0, 0, 0, 28, 8, 53
"/Users/jackgezalian/Development/C++ Projects/ray_tracer_challenge/_deps/googletest-src/googletest/test/googletest-param-test-test.cc", "C++", 843, 0, 0, 0, 0, 0, 0, 0, 0, 0, 192, 209, 1244
"/Users/jackgezalian/Development/C++ Projects/ray_tracer_challenge/_deps/googletest-src/googletest/test/googletest-param-test-test.h", "C++", 7, 0, 0, 0, 0, 0, 0, 0, 0, 0, 37, 6, 50
"/Users/jackgezalian/Development/C++ Projects/ray_tracer_challenge/_deps/googletest-src/googletest/test/googletest-param-test2-test.cc", "C++", 9, 0, 0, 0, 0, 0, 0, 0, 0, 0, 43, 7, 59
"/Users/jackgezalian/Development/C++ Projects/ray_tracer_challenge/_deps/googletest-src/googletest/test/googletest-port-test.cc", "C++", 979, 0, 0, 0, 0, 0, 0, 0, 0, 0, 101, 222, 1302
"/Users/jackgezalian/Development/C++ Projects/ray_tracer_challenge/_deps/googletest-src/googletest/test/googletest-printers-test.cc", "C++", 1437, 0, 0, 0, 0, 0, 0, 0, 0, 0, 303, 325, 2065
"/Users/jackgezalian/Development/C++ Projects/ray_tracer_challenge/_deps/googletest-src/googletest/test/googletest-setuptestsuite-test.py", "Python", 0, 0, 0, 0, 0, 0, 0, 0, 0, 18, 31, 10, 59
"/Users/jackgezalian/Development/C++ Projects/ray_tracer_challenge/_deps/googletest-src/googletest/test/googletest-setuptestsuite-test_.cc", "C++", 11, 0, 0, 0, 0, 0, 0, 0, 0, 0, 28, 6, 45
"/Users/jackgezalian/Development/C++ Projects/ray_tracer_challenge/_deps/googletest-src/googletest/test/googletest-shuffle-test.py", "Python", 0, 0, 0, 0, 0, 0, 0, 0, 0, 245, 73, 61, 379
"/Users/jackgezalian/Development/C++ Projects/ray_tracer_challenge/_deps/googletest-src/googletest/test/googletest-shuffle-test_.cc", "C++", 46, 0, 0, 0, 0, 0, 0, 0, 0, 0, 35, 19, 100
"/Users/jackgezalian/Development/C++ Projects/ray_tracer_challenge/_deps/googletest-src/googletest/test/googletest-test-part-test.cc", "C++", 141, 0, 0, 0, 0, 0, 0, 0, 0, 0, 47, 33, 221
"/Users/jackgezalian/Development/C++ Projects/ray_tracer_challenge/_deps/googletest-src/googletest/test/googletest-throw-on-failure-test.py", "Python", 0, 0, 0, 0, 0, 0, 0, 0, 0, 63, 68, 36, 167
"/Users/jackgezalian/Development/C++ Projects/ray_tracer_challenge/_deps/googletest-src/googletest/test/googletest-throw-on-failure-test_.cc", "C++", 17, 0, 0, 0, 0, 0, 0, 0, 0, 0, 45, 10, 72
"/Users/jackgezalian/Development/C++ Projects/ray_tracer_challenge/_deps/googletest-src/googletest/test/googletest-uninitialized-test.py", "Python", 0, 0, 0, 0, 0, 0, 0, 0, 0, 22, 33, 16, 71
"/Users/jackgezalian/Development/C++ Projects/ray_tracer_challenge/_deps/googletest-src/googletest/test/googletest-uninitialized-test_.cc", "C++", 4, 0, 0, 0, 0, 0, 0, 0, 0, 0, 32, 4, 40
"/Users/jackgezalian/Development/C++ Projects/ray_tracer_challenge/_deps/googletest-src/googletest/test/gtest-typed-test2_test.cc", "C++", 5, 0, 0, 0, 0, 0, 0, 0, 0, 0, 31, 4, 40
"/Users/jackgezalian/Development/C++ Projects/ray_tracer_challenge/_deps/googletest-src/googletest/test/gtest-typed-test_test.cc", "C++", 236, 0, 0, 0, 0, 0, 0, 0, 0, 0, 98, 90, 424
"/Users/jackgezalian/Development/C++ Projects/ray_tracer_challenge/_deps/googletest-src/googletest/test/gtest-typed-test_test.h", "C++", 15, 0, 0, 0, 0, 0, 0, 0, 0, 0, 32, 11, 58
"/Users/jackgezalian/Development/C++ Projects/ray_tracer_challenge/_deps/googletest-src/googletest/test/gtest-unittest-api_test.cc", "C++", 222, 0, 0, 0, 0, 0, 0, 0, 0, 0, 47, 60, 329
"/Users/jackgezalian/Development/C++ Projects/ray_tracer_challenge/_deps/googletest-src/googletest/test/gtest_all_test.cc", "C++", 12, 0, 0, 0, 0, 0, 0, 0, 0, 0, 33, 2, 47
"/Users/jackgezalian/Development/C++ Projects/ray_tracer_challenge/_deps/googletest-src/googletest/test/gtest_assert_by_exception_test.cc", "C++", 58, 0, 0, 0, 0, 0, 0, 0, 0, 0, 38, 17, 113
"/Users/jackgezalian/Development/C++ Projects/ray_tracer_challenge/_deps/googletest-src/googletest/test/gtest_dirs_test.cc", "C++", 70, 0, 0, 0, 0, 0, 0, 0, 0, 0, 13, 19, 102
"/Users/jackgezalian/Development/C++ Projects/ray_tracer_challenge/_deps/googletest-src/googletest/test/gtest_environment_test.cc", "C++", 107, 0, 0, 0, 0, 0, 0, 0, 0, 0, 57, 24, 188
"/Users/jackgezalian/Development/C++ Projects/ray_tracer_challenge/_deps/googletest-src/googletest/test/gtest_help_test.py", "Python", 0, 0, 0, 0, 0, 0, 0, 0, 0, 90, 64, 30, 184
"/Users/jackgezalian/Development/C++ Projects/ray_tracer_challenge/_deps/googletest-src/googletest/test/gtest_help_test_.cc", "C++", 7, 0, 0, 0, 0, 0, 0, 0, 0, 0, 33, 5, 45
"/Users/jackgezalian/Development/C++ Projects/ray_tracer_challenge/_deps/googletest-src/googletest/test/gtest_json_test_utils.py", "Python", 0, 0, 0, 0, 0, 0, 0, 0, 0, 23, 38, 7, 68
"/Users/jackgezalian/Development/C++ Projects/ray_tracer_challenge/_deps/googletest-src/googletest/test/gtest_list_output_unittest.py", "Python", 0, 0, 0, 0, 0, 0, 0, 0, 0, 225, 50, 15, 290
"/Users/jackgezalian/Development/C++ Projects/ray_tracer_challenge/_deps/googletest-src/googletest/test/gtest_list_output_unittest_.cc", "C++", 29, 0, 0, 0, 0, 0, 0, 0, 0, 0, 38, 11, 78
"/Users/jackgezalian/Development/C++ Projects/ray_tracer_challenge/_deps/googletest-src/googletest/test/gtest_main_unittest.cc", "C++", 4, 0, 0, 0, 0, 0, 0, 0, 0, 0, 32, 7, 43
"/Users/jackgezalian/Development/C++ Projects/ray_tracer_challenge/_deps/googletest-src/googletest/test/gtest_no_test_unittest.cc", "C++", 6, 0, 0, 0, 0, 0, 0, 0, 0, 0, 43, 6, 55
"/Users/jackgezalian/Development/C++ Projects/ray_tracer_challenge/_deps/googletest-src/googletest/test/gtest_pred_impl_unittest.cc", "C++", 1394, 0, 0, 0, 0, 0, 0, 0, 0, 0, 431, 246, 2071
"/Users/jackgezalian/Development/C++ Projects/ray_tracer_challenge/_deps/googletest-src/googletest/test/gtest_premature_exit_test.cc", "C++", 62, 0, 0, 0, 0, 0, 0, 0, 0, 0, 47, 20, 129
"/Users/jackgezalian/Development/C++ Projects/ray_tracer_challenge/_deps/googletest-src/googletest/test/gtest_prod_test.cc", "C++", 15, 0, 0, 0, 0, 0, 0, 0, 0, 0, 34, 8, 57
"/Users/jackgezalian/Development/C++ Projects/ray_tracer_challenge/_deps/googletest-src/googletest/test/gtest_repeat_test.cc", "C++", 125, 0, 0, 0, 0, 0, 0, 0, 0, 0, 52, 44, 221
"/Users/jackgezalian/Development/C++ Projects/ray_tracer_challenge/_deps/googletest-src/googletest/test/gtest_skip_check_output_test.py", "Python", 0, 0, 0, 0, 0, 0, 0, 0, 0, 15, 36, 10, 61
"/Users/jackgezalian/Development/C++ Projects/ray_tracer_challenge/_deps/googletest-src/googletest/test/gtest_skip_environment_check_output_test.py", "Python", 0, 0, 0, 0, 0, 0, 0, 0, 0, 11, 36, 9, 56
"/Users/jackgezalian/Development/C++ Projects/ray_tracer_challenge/_deps/googletest-src/googletest/test/gtest_skip_in_environment_setup_test.cc", "C++", 12, 0, 0, 0, 0, 0, 0, 0, 0, 0, 31, 8, 51
"/Users/jackgezalian/Development/C++ Projects/ray_tracer_challenge/_deps/googletest-src/googletest/test/gtest_skip_test.cc", "C++", 14, 0, 0, 0, 0, 0, 0, 0, 0, 0, 31, 7, 52
"/Users/jackgezalian/Development/C++ Projects/ray_tracer_challenge/_deps/googletest-src/googletest/test/gtest_sole_header_test.cc", "C++", 16, 0, 0, 0, 0, 0, 0, 0, 0, 0, 31, 8, 55
"/Users/jackgezalian/Development/C++ Projects/ray_tracer_challenge/_deps/googletest-src/googletest/test/gtest_stress_test.cc", "C++", 140, 0, 0, 0, 0, 0, 0, 0, 0, 0, 67, 39, 246
"/Users/jackgezalian/Development/C++ Projects/ray_tracer_challenge/_deps/googletest-src/googletest/test/gtest_test_macro_stack_footprint_test.cc", "C++", 39, 0, 0, 0, 0, 0, 0, 0, 0, 0, 42, 9, 90
"/Users/jackgezalian/Development/C++ Projects/ray_tracer_challenge/_deps/googletest-src/googletest/test/gtest_test_utils.py", "Python", 0, 0, 0, 0, 0, 0, 0, 0, 0, 109, 101, 53, 263
"/Users/jackgezalian/Development/C++ Projects/ray_tracer_challenge/_deps/googletest-src/googletest/test/gtest_testbridge_test.py", "Python", 0, 0, 0, 0, 0, 0, 0, 0, 0, 19, 31, 14, 64
"/Users/jackgezalian/Development/C++ Projects/ray_tracer_challenge/_deps/googletest-src/googletest/test/gtest_testbridge_test_.cc", "C++", 5, 0, 0, 0, 0, 0, 0, 0, 0, 0, 32, 6, 43
"/Users/jackgezalian/Development/C++ Projects/ray_tracer_challenge/_deps/googletest-src/googletest/test/gtest_throw_on_failure_ex_test.cc", "C++", 36, 0, 0, 0, 0, 0, 0, 0, 0, 0, 42, 13, 91
"/Users/jackgezalian/Development/C++ Projects/ray_tracer_challenge/_deps/googletest-src/googletest/test/gtest_unittest.cc", "C++", 5364, 0, 0, 0, 0, 0, 0, 0, 0, 0, 1114, 1346, 7824
"/Users/jackgezalian/Development/C++ Projects/ray_tracer_challenge/_deps/googletest-src/googletest/test/gtest_xml_outfile1_test_.cc", "C++", 9, 0, 0, 0, 0, 0, 0, 0, 0, 0, 31, 4, 44
"/Users/jackgezalian/Development/C++ Projects/ray_tracer_challenge/_deps/googletest-src/googletest/test/gtest_xml_outfile2_test_.cc", "C++", 32, 0, 0, 0, 0, 0, 0, 0, 0, 0, 32, 14, 78
"/Users/jackgezalian/Development/C++ Projects/ray_tracer_challenge/_deps/googletest-src/googletest/test/gtest_xml_outfiles_test.py", "Python", 0, 0, 0, 0, 0, 0, 0, 0, 0, 95, 35, 18, 148
"/Users/jackgezalian/Development/C++ Projects/ray_tracer_challenge/_deps/googletest-src/googletest/test/gtest_xml_output_unittest.py", "Python", 0, 0, 0, 0, 0, 0, 0, 0, 0, 374, 100, 40, 514
"/Users/jackgezalian/Development/C++ Projects/ray_tracer_challenge/_deps/googletest-src/googletest/test/gtest_xml_output_unittest_.cc", "C++", 130, 0, 0, 0, 0, 0, 0, 0, 0, 0, 48, 40, 218
"/Users/jackgezalian/Development/C++ Projects/ray_tracer_challenge/_deps/googletest-src/googletest/test/gtest_xml_test_utils.py", "Python", 0, 0, 0, 0, 0, 0, 0, 0, 0, 129, 98, 16, 243
"/Users/jackgezalian/Development/C++ Projects/ray_tracer_challenge/_deps/googletest-src/googletest/test/production.cc", "C++", 2, 0, 0, 0, 0, 0, 0, 0, 0, 0, 30, 4, 36
"/Users/jackgezalian/Development/C++ Projects/ray_tracer_challenge/_deps/googletest-src/googletest/test/production.h", "C++", 14, 0, 0, 0, 0, 0, 0, 0, 0, 0, 32, 10, 56
"/Users/jackgezalian/Development/C++ Projects/ray_tracer_challenge/_deps/googletest-subbuild/CMakeLists.txt", "CMake", 0, 0, 0, 32, 0, 0, 0, 0, 0, 0, 0, 11, 43
"/Users/jackgezalian/Development/C++ Projects/ray_tracer_challenge/_deps/googletest-subbuild/Makefile", "Makefile", 0, 0, 75, 0, 0, 0, 0, 0, 0, 0, 46, 42, 163
"/Users/jackgezalian/Development/C++ Projects/ray_tracer_challenge/apps/clock_face.cpp", "C++", 34, 0, 0, 0, 0, 0, 0, 0, 0, 0, 0, 7, 41
"/Users/jackgezalian/Development/C++ Projects/ray_tracer_challenge/apps/draw_circle.cpp", "C++", 62, 0, 0, 0, 0, 0, 0, 0, 0, 0, 0, 7, 69
"/Users/jackgezalian/Development/C++ Projects/ray_tracer_challenge/apps/draw_shaded_circle.cpp", "C++", 74, 0, 0, 0, 0, 0, 0, 0, 0, 0, 0, 11, 85
"/Users/jackgezalian/Development/C++ Projects/ray_tracer_challenge/apps/plot_projectile.cpp", "C++", 28, 0, 0, 0, 0, 0, 0, 0, 0, 0, 0, 8, 36
"/Users/jackgezalian/Development/C++ Projects/ray_tracer_challenge/include/ray_tracer/demo/cannon.h", "C++", 17, 0, 0, 0, 0, 0, 0, 0, 0, 0, 0, 6, 23
"/Users/jackgezalian/Development/C++ Projects/ray_tracer_challenge/include/ray_tracer/geometry/intersection.h", "C++", 14, 0, 0, 0, 0, 0, 0, 0, 0, 0, 0, 6, 20
"/Users/jackgezalian/Development/C++ Projects/ray_tracer_challenge/include/ray_tracer/geometry/sphere.h", "C++", 16, 0, 0, 0, 0, 0, 0, 0, 0, 0, 0, 4, 20
"/Users/jackgezalian/Development/C++ Projects/ray_tracer_challenge/include/ray_tracer/img/canvas.h", "C++", 19, 0, 0, 0, 0, 0, 0, 0, 0, 0, 1, 8, 28
"/Users/jackgezalian/Development/C++ Projects/ray_tracer_challenge/include/ray_tracer/img/color.h", "C++", 31, 0, 0, 0, 0, 0, 0, 0, 0, 0, 0, 11, 42
"/Users/jackgezalian/Development/C++ Projects/ray_tracer_challenge/include/ray_tracer/lighting/light.h", "C++", 17, 0, 0, 0, 0, 0, 0, 0, 0, 0, 0, 5, 22
"/Users/jackgezalian/Development/C++ Projects/ray_tracer_challenge/include/ray_tracer/lighting/material.h", "C++", 12, 0, 0, 0, 0, 0, 0, 0, 0, 0, 0, 7, 19
"/Users/jackgezalian/Development/C++ Projects/ray_tracer_challenge/include/ray_tracer/math/matrix.h", "C++", 28, 0, 0, 0, 0, 0, 0, 0, 0, 0, 0, 9, 37
"/Users/jackgezalian/Development/C++ Projects/ray_tracer_challenge/include/ray_tracer/math/ray.h", "C++", 14, 0, 0, 0, 0, 0, 0, 0, 0, 0, 0, 5, 19
"/Users/jackgezalian/Development/C++ Projects/ray_tracer_challenge/include/ray_tracer/math/transform.h", "C++", 12, 0, 0, 0, 0, 0, 0, 0, 0, 0, 0, 3, 15
"/Users/jackgezalian/Development/C++ Projects/ray_tracer_challenge/include/ray_tracer/math/tuple.h", "C++", 61, 0, 0, 0, 0, 0, 0, 0, 0, 0, 3, 20, 84
"/Users/jackgezalian/Development/C++ Projects/ray_tracer_challenge/include/ray_tracer/math/util.h", "C++", 6, 0, 0, 0, 0, 0, 0, 0, 0, 0, 0, 1, 7
"/Users/jackgezalian/Development/C++ Projects/ray_tracer_challenge/src/geometry/intersection.cpp", "C++", 39, 0, 0, 0, 0, 0, 0, 0, 0, 0, 0, 11, 50
"/Users/jackgezalian/Development/C++ Projects/ray_tracer_challenge/src/geometry/sphere.cpp", "C++", 18, 0, 0, 0, 0, 0, 0, 0, 0, 0, 0, 5, 23
"/Users/jackgezalian/Development/C++ Projects/ray_tracer_challenge/src/img/canvas.cpp", "C++", 55, 0, 0, 0, 0, 0, 0, 0, 0, 0, 3, 11, 69
"/Users/jackgezalian/Development/C++ Projects/ray_tracer_challenge/src/lighting/light.cpp", "C++", 38, 0, 0, 0, 0, 0, 0, 0, 0, 0, 0, 7, 45
"/Users/jackgezalian/Development/C++ Projects/ray_tracer_challenge/src/lighting/material.cpp", "C++", 6, 0, 0, 0, 0, 0, 0, 0, 0, 0, 0, 3, 9
"/Users/jackgezalian/Development/C++ Projects/ray_tracer_challenge/src/math/matrix.cpp", "C++", 122, 0, 0, 0, 0, 0, 0, 0, 0, 0, 0, 16, 138
"/Users/jackgezalian/Development/C++ Projects/ray_tracer_challenge/src/math/ray.cpp", "C++", 7, 0, 0, 0, 0, 0, 0, 0, 0, 0, 0, 5, 12
"/Users/jackgezalian/Development/C++ Projects/ray_tracer_challenge/src/math/transform.cpp", "C++", 62, 0, 0, 0, 0, 0, 0, 0, 0, 0, 0, 16, 78
"/Users/jackgezalian/Development/C++ Projects/ray_tracer_challenge/src/math/tuple.cpp", "C++", 6, 0, 0, 0, 0, 0, 0, 0, 0, 0, 0, 3, 9
"/Users/jackgezalian/Development/C++ Projects/ray_tracer_challenge/tests/canvas_tests.cpp", "C++", 47, 0, 0, 0, 0, 0, 0, 0, 0, 0, 0, 8, 55
"/Users/jackgezalian/Development/C++ Projects/ray_tracer_challenge/tests/color_tests.cpp", "C++", 48, 0, 0, 0, 0, 0, 0, 0, 0, 0, 0, 10, 58
"/Users/jackgezalian/Development/C++ Projects/ray_tracer_challenge/tests/geo_tests.cpp", "C++", 76, 0, 0, 0, 0, 0, 0, 0, 0, 0, 0, 17, 93
"/Users/jackgezalian/Development/C++ Projects/ray_tracer_challenge/tests/intersection_tests.cpp", "C++", 53, 0, 0, 0, 0, 0, 0, 0, 0, 0, 0, 10, 63
"/Users/jackgezalian/Development/C++ Projects/ray_tracer_challenge/tests/light_tests.cpp", "C++", 64, 0, 0, 0, 0, 0, 0, 0, 0, 0, 0, 17, 81
"/Users/jackgezalian/Development/C++ Projects/ray_tracer_challenge/tests/matrix_tests.cpp", "C++", 67, 0, 0, 0, 0, 0, 0, 0, 0, 0, 3, 14, 84
"/Users/jackgezalian/Development/C++ Projects/ray_tracer_challenge/tests/misc_tests.cpp", "C++", 19, 0, 0, 0, 0, 0, 0, 0, 0, 0, 0, 3, 22
"/Users/jackgezalian/Development/C++ Projects/ray_tracer_challenge/tests/ray_tests.cpp", "C++", 73, 0, 0, 0, 0, 0, 0, 0, 0, 0, 0, 10, 83
"/Users/jackgezalian/Development/C++ Projects/ray_tracer_challenge/tests/sphere_tests.cpp", "C++", 72, 0, 0, 0, 0, 0, 0, 0, 0, 0, 1, 11, 84
"/Users/jackgezalian/Development/C++ Projects/ray_tracer_challenge/tests/test_helpers.h", "C++", 67, 0, 0, 0, 0, 0, 0, 0, 0, 0, 0, 9, 76
"/Users/jackgezalian/Development/C++ Projects/ray_tracer_challenge/tests/transform_tests.cpp", "C++", 142, 0, 0, 0, 0, 0, 0, 0, 0, 0, 0, 28, 170
"Total", "-", 55624, 10429, 489, 569, 152, 54, 135, 57, 165, 4278, 23174, 17901, 113027